"","x"
"1","7qiZfU4dY1lWllzX7mPBI3"
"2","6mICuAdrwEjh6Y6lroV2Kg"
"3","5knuzwU65gJK7IF5yJsuaW"
"4","5aAx2yezTd8zXrkmtKl66Z"
"5","6PCUP3dWmTjcTtXY02oFdT"
"6","3AEZUABDXNtecAOSC1qTfo"
"7","4aWmUDTfIPGksMNLV2rQP2"
"8","72jbDTw1piOOj770jWNeaG"
"9","6rQSrBHf7HlZjtcMZ4S4bO"
"10","3NdDpSvN911VPGivFlV5d0"
"11","3umS4y3uQDkqekNjVpiRUs"
"12","3ebXMykcMXOcLeJ9xZ17XH"
"13","6520aj0B4FSKGVuKNsOCOi"
"14","5GXAXm5YOmYT0kL5jHvYBt"
"15","3eR23VReFzcdmS7TYCrhCe"
"16","78rIJddV4X0HkNAInEcYde"
"17","7nKBxz47S9SD79N086fuhn"
"18","6RUKPb4LETWmmr3iAEQktW"
"19","00lNx0OcTJrS3MKHcB80HY"
